{"entities":{"pages":{"Library":{"id":"Library","title":"Library","url":"library.html","level":0,"tabIndex":0},"OperatorReference":{"id":"OperatorReference","title":"Operator Reference","url":"operatorreference.html","level":0,"pages":["ObjectMode","MeshEditMode"],"tabIndex":6},"ObjectMode":{"id":"ObjectMode","title":"Object Mode","url":"objectmode.html","level":1,"parentId":"OperatorReference","tabIndex":0},"MeshEditMode":{"id":"MeshEditMode","title":"MeshEdit Mode","url":"mesheditmode.html","level":1,"parentId":"OperatorReference","tabIndex":1}}},"topLevelIds":["Library","OperatorReference"]}